{
  "accuracy": 0.6805555555555556,
  "macro_f1": 0.6905720609359435,
  "per_label_f1": {
    "high": 0.7304964539007093,
    "low": 0.6932907348242812,
    "medium": 0.6479289940828402
  },
  "confusion_matrix": [
    [
      103,
      3,
      17
    ],
    [
      12,
      217,
      64
    ],
    [
      44,
      113,
      219
    ]
  ],
  "label_order": [
    "high",
    "low",
    "medium"
  ]
}