{
  "test_macro_f1": 0.3355374425829374,
  "test_micro_f1": 0.38438761776581426
}