{
  "test_macro_f1": 0.2965138107497457,
  "test_micro_f1": 0.30196831493038884
}