{
  "accuracy": 0.7335858585858586,
  "macro_f1": 0.7182652512322841,
  "per_label_f1": {
    "high": 0.8181818181818182,
    "low": 0.591715976331361,
    "medium": 0.7448979591836735
  },
  "confusion_matrix": [
    [
      189,
      6,
      21
    ],
    [
      5,
      100,
      24
    ],
    [
      52,
      103,
      292
    ]
  ],
  "label_order": [
    "high",
    "low",
    "medium"
  ]
}