{
  "accuracy": 0.7247474747474747,
  "macro_f1": 0.7083692397987544,
  "per_label_f1": {
    "high": 0.7982832618025751,
    "low": 0.5857988165680473,
    "medium": 0.7410256410256411
  },
  "confusion_matrix": [
    [
      186,
      8,
      22
    ],
    [
      8,
      99,
      21
    ],
    [
      56,
      103,
      289
    ]
  ],
  "label_order": [
    "high",
    "low",
    "medium"
  ]
}