{
  "test_macro_f1": 0.7260286641553124,
  "test_micro_f1": 0.7704703016676036,
  "test_pr_auc_macro": 0.786335767563293,
  "best_threshold": 0.45000000000000007,
  "train_time_s": 1095.933851480484
}