{
  "macro_f1": 0.6335425129774441,
  "micro_f1": 0.6841552990556139,
  "pr_auc_macro": 0.7902969188681223
}