{
  "test_macro_f1": 0.49536362056187344,
  "test_micro_f1": 0.5129351644841904
}