{
  "test_macro_f1": 0.2957348071304845,
  "test_micro_f1": 0.3017159199237369
}