{
  "test_macro_f1": 0.3126613376377555,
  "test_micro_f1": 0.3224848075624578
}