{
  "test_macro_f1": 0.7740394958493952,
  "test_micro_f1": 0.8200188857412654
}