{
  "test_macro_f1": 0.29587922097497876,
  "test_micro_f1": 0.3016839842350412
}