{
  "test_macro_f1": 0.7669254093075805,
  "test_micro_f1": 0.8149505313301576
}