{
  "test_macro_f1": 0.7164050359003684,
  "test_micro_f1": 0.7102661596958175
}