{
  "test_macro_f1": 0.37026540713770056,
  "test_micro_f1": 0.38189408921116236
}