{
  "test_macro_f1": 0.7075568998713638,
  "test_micro_f1": 0.6996168582375479
}