{
  "accuracy": 0.7310606060606061,
  "macro_f1": 0.7165123733864133,
  "per_label_f1": {
    "high": 0.8148148148148148,
    "low": 0.592375366568915,
    "medium": 0.7423469387755102
  },
  "confusion_matrix": [
    [
      187,
      7,
      22
    ],
    [
      4,
      101,
      24
    ],
    [
      52,
      104,
      291
    ]
  ],
  "label_order": [
    "high",
    "low",
    "medium"
  ]
}