{
  "accuracy": 0.7222222222222222,
  "macro_f1": 0.706715278835619,
  "per_label_f1": {
    "high": 0.8008565310492506,
    "low": 0.584070796460177,
    "medium": 0.7352185089974294
  },
  "confusion_matrix": [
    [
      187,
      7,
      22
    ],
    [
      7,
      99,
      22
    ],
    [
      57,
      105,
      286
    ]
  ],
  "label_order": [
    "high",
    "low",
    "medium"
  ]
}