{
  "test_macro_f1": 0.29603516639408206,
  "test_micro_f1": 0.30103889828460983
}