{
  "accuracy": 0.6893939393939394,
  "macro_f1": 0.700229128523858,
  "per_label_f1": {
    "high": 0.7456445993031359,
    "low": 0.7167449139280125,
    "medium": 0.6382978723404256
  },
  "confusion_matrix": [
    [
      107,
      3,
      13
    ],
    [
      5,
      229,
      59
    ],
    [
      52,
      114,
      210
    ]
  ],
  "label_order": [
    "high",
    "low",
    "medium"
  ]
}